{"accumulated_reward": 54.0, "loss": 43558.1640625, "avg log_likelihood": -0.6434800028800964, "_timestamp": 1662203097.9133067, "_runtime": 7.778947830200195, "_step": 242, "_wandb": {"runtime": 7}}