{"accumulated_reward": 10.0, "loss": 0.0, "avg log_likelihood": 0.0, "_timestamp": 1662199691.0739517, "_runtime": 67.5200457572937, "_step": 4999, "_wandb": {"runtime": 66}}