{"accumulated_reward": 9.0, "loss": 0.0, "_timestamp": 1662194601.6256921, "_runtime": 53.68234419822693, "_step": 21415, "_wandb": {"runtime": 52}}