{"accumulated_reward": 10.0, "loss": 0.0, "avg log_likelihood": 0.0, "_timestamp": 1662201003.6513946, "_runtime": 61.11781454086304, "_step": 4999, "_wandb": {"runtime": 59}}