{"accumulated_reward": 22.0, "_timestamp": 1662156066.77118, "_runtime": 65.00219702720642, "_step": 5760, "_wandb": {"runtime": 63}}