{"accumulated_reward": 22.0, "loss": 3658.01953125, "avg log_likelihood": -0.7041231393814087, "_timestamp": 1666740943.4012592, "_runtime": 165.70131516456604, "_step": 7208, "_wandb": {"runtime": 164}}