{"accumulated_reward": -10.970645711318326, "loss": 2662.035400390625, "avg log_likelihood": -1.2247520685195923, "_timestamp": 1666743626.552652, "_runtime": 601.7251389026642, "_step": 17499, "_wandb": {"runtime": 600}}