{"accumulated_reward": 9.0, "loss": 0.0, "avg log_likelihood": 0.0, "_timestamp": 1662199114.854584, "_runtime": 11.088957071304321, "_step": 3942, "_wandb": {"runtime": 10}}