{"accumulated_reward": 8.0, "_timestamp": 1662194034.2481735, "_runtime": 3.9865434169769287, "_step": 999, "_wandb": {"runtime": 2}}