{"accumulated_reward": 38.0, "loss": 17289.064453125, "avg log_likelihood": -0.6921982765197754, "_timestamp": 1666740657.0174959, "_runtime": 7.072796821594238, "_step": 999, "_wandb": {"runtime": 6}}