{"accumulated_reward": 12.0, "loss": 0.09326181560754776, "avg log_likelihood": -0.00010333458340028301, "_timestamp": 1662195279.5647576, "_runtime": 22.803183555603027, "_step": 4999, "_wandb": {"runtime": 21}}