{"accumulated_reward": 10.0, "loss": 0.0, "_timestamp": 1662194399.1998425, "_runtime": 24.827977418899536, "_step": 9999, "_wandb": {"runtime": 23}}