{"accumulated_reward": 200.0, "loss": 1055625.875, "avg log_likelihood": -0.4619240462779999, "_timestamp": 1662195744.290454, "_runtime": 137.9323799610138, "_step": 4999, "_wandb": {"runtime": 136}}