{"accumulated_reward": -85.21616603617153, "loss": 1936.5970458984375, "avg log_likelihood": -1.3750252723693848, "_timestamp": 1666743018.5579684, "_runtime": 69.02569532394409, "_step": 2431, "_wandb": {"runtime": 67}}