{"accumulated_reward": 10.0, "loss": 0.0, "avg log_likelihood": 0.0, "_timestamp": 1662197773.0013115, "_runtime": 18.680083513259888, "_step": 6986, "_wandb": {"runtime": 17}}