{"accumulated_reward": 8.0, "loss": 0.0, "avg log_likelihood": 0.0, "_timestamp": 1662199040.1525776, "_runtime": 25.78463053703308, "_step": 9999, "_wandb": {"runtime": 24}}