{"accumulated_reward": 45.0, "loss": 25354.25, "avg log_likelihood": -0.6272600293159485, "_timestamp": 1666741214.1987727, "_runtime": 94.16722178459167, "_step": 5270, "_wandb": {"runtime": 93}}