{"accumulated_reward": 9.0, "loss": 0.0, "avg log_likelihood": 0.0, "_timestamp": 1662199141.7522645, "_runtime": 12.898319482803345, "_step": 4708, "_wandb": {"runtime": 11}}