{"accumulated_reward": 17.0, "loss": 1757.7281494140625, "avg log_likelihood": -0.7123982310295105, "_timestamp": 1662202681.7212853, "_runtime": 1.1937713623046875, "_step": 1, "_wandb": {"runtime": 0}}