{"accumulated_reward": 25.0, "loss": 5175.6611328125, "avg log_likelihood": -0.6890972256660461, "_timestamp": 1662199520.6553354, "_runtime": 1.4489505290985107, "_step": 2, "_wandb": {"runtime": 0}}