{"accumulated_reward": 9.0, "loss": 167.3669891357422, "avg log_likelihood": -0.42437273263931274, "_timestamp": 1666740994.8923047, "_runtime": 38.50233173370361, "_step": 9999, "_wandb": {"runtime": 37}}