{"accumulated_reward": 69.0, "loss": 90860.0859375, "avg log_likelihood": -0.6758478879928589, "_timestamp": 1666741110.420261, "_runtime": 105.18900299072266, "_step": 6091, "_wandb": {"runtime": 104}}