{"accumulated_reward": 10.0, "loss": 0.0, "avg log_likelihood": 0.0, "_timestamp": 1662201700.1552129, "_runtime": 56.09935188293457, "_step": 4394, "_wandb": {"runtime": 55}}