{"accumulated_reward": 10.0, "loss": 0.03100392036139965, "avg log_likelihood": -5.807876732433215e-05, "_timestamp": 1662194992.9144888, "_runtime": 21.064796686172485, "_step": 4999, "_wandb": {"runtime": 20}}