{"accumulated_reward": 17.0, "_timestamp": 1662156170.63633, "_runtime": 92.8859179019928, "_step": 175, "_wandb": {"runtime": 92}}