{"accumulated_reward": 10.0, "loss": 0.020007457584142685, "avg log_likelihood": -3.7479399907169864e-05, "_timestamp": 1662204350.7328513, "_runtime": 224.03562426567078, "_step": 4999, "_wandb": {"runtime": 223}}