{"accumulated_reward": 165.0, "loss": 840417.1875, "avg log_likelihood": -0.6002470254898071, "_timestamp": 1666741522.5715854, "_runtime": 27.748948335647583, "_step": 1846, "_wandb": {"runtime": 26}}