{"accumulated_reward": 13.0, "loss": 771.3212280273438, "avg log_likelihood": -0.6784092783927917, "_timestamp": 1662197742.9806225, "_runtime": 1.0496265888214111, "_step": 9, "_wandb": {"runtime": 0}}