{"accumulated_reward": 419.0, "loss": 3742404.0, "avg log_likelihood": -0.2778424620628357, "_timestamp": 1662199373.4308598, "_runtime": 200.9554488658905, "_step": 6153, "_wandb": {"runtime": 200}}