{"accumulated_reward": 102.0, "loss": 119418.328125, "avg log_likelihood": -0.303968608379364, "_timestamp": 1662203008.236339, "_runtime": 92.18535614013672, "_step": 1999, "_wandb": {"runtime": 91}}