{"accumulated_reward": 89.0, "loss": 6388.32861328125, "avg log_likelihood": -0.023554790765047073, "_timestamp": 1662201610.727805, "_runtime": 576.9532289505005, "_step": 4999, "_wandb": {"runtime": 571}}