{"accumulated_reward": 9.0, "loss": 0.0, "avg log_likelihood": 0.0, "_timestamp": 1662199089.1549203, "_runtime": 11.194107294082642, "_step": 4016, "_wandb": {"runtime": 10}}