{"accumulated_reward": -184.51710328060352, "loss": -803310.8125, "avg log_likelihood": -1.3876286745071411, "_timestamp": 1666740567.9018505, "_runtime": 26.946484565734863, "_step": 999, "_wandb": {"runtime": 25}}