{"accumulated_reward": 31.0, "loss": 326.08203125, "avg log_likelihood": -0.6810452938079834, "_timestamp": 1666742835.38834, "_runtime": 157.22255396842957, "_step": 5830, "_wandb": {"runtime": 156}}