{"accumulated_reward": 10.0, "loss": 0.0, "_timestamp": 1662194146.1864514, "_runtime": 30.68146252632141, "_step": 9999, "_wandb": {"runtime": 29}}