{"accumulated_reward": 266.0, "loss": 2648534.5, "avg log_likelihood": -0.5727859735488892, "_timestamp": 1666740768.0569634, "_runtime": 86.88612651824951, "_step": 6157, "_wandb": {"runtime": 86}}