{"accumulated_reward": 87.0, "loss": 76072.96875, "avg log_likelihood": -0.2984820008277893, "_timestamp": 1662202217.0347958, "_runtime": 491.7800467014313, "_step": 4999, "_wandb": {"runtime": 490}}