{"accumulated_reward": 163.0, "loss": 344891.8125, "avg log_likelihood": -0.25419726967811584, "_timestamp": 1662203246.8988988, "_runtime": 119.79765486717224, "_step": 4999, "_wandb": {"runtime": 118}}