{"accumulated_reward": 11.0, "_timestamp": 1662193999.9379587, "_runtime": 11.340629816055298, "_step": 27, "_wandb": {"runtime": 10}}